id,firstName,lastName,email,phone,city,country,picture,gender,age
6cdb31c2-d86c-47c8-b7c3-b6bd29756e37,Isabella,Petersen,isabella.petersen@example.com,64339144,Stoevring,Denmark,https://randomuser.me/api/portraits/women/15.jpg,female,40
5aa86eb3-1a90-4a14-8900-28dac427ba51,Ariana,da Mata,ariana.damata@example.com,(75) 8152-9774,Brusque,Brazil,https://randomuser.me/api/portraits/women/47.jpg,female,56
a4b7b9d2-83ec-4b7c-af44-f200449d1400,Michele,Grand,lyn.khwty@example.com,094-79744020,خوی,Iran,https://randomuser.me/api/portraits/women/21.jpg,female,59
61993e4d-3f69-4d53-a3c2-346c536b3e6c,Arthur,Anderson,arthur.anderson@example.com,C00 S69-1997,Aylmer,Canada,https://randomuser.me/api/portraits/men/72.jpg,male,74
77041224-2dd9-44c1-9211-c2022dcd2d07,Charlotte,Patel,charlotte.patel@example.com,X27 Z26-2426,Southampton,Canada,https://randomuser.me/api/portraits/women/43.jpg,female,40
9401fb10-1b9e-42ef-b3d0-64bfb932ab55,Chabeli,Den Uijl,chabeli.denuijl@example.com,(041) 2993171,Ten Boer,Netherlands,https://randomuser.me/api/portraits/women/89.jpg,female,35
079eeea6-184b-472c-8c19-f116002bf484,Asta,Poulsen,asta.poulsen@example.com,74077787,Nørrebro,Denmark,https://randomuser.me/api/portraits/women/70.jpg,female,24
7e3cf4a3-6496-4b2c-8a8b-63f715077600,Adna,Moraes,adna.moraes@example.com,(18) 9057-7459,Almirante Tamandaré,Brazil,https://randomuser.me/api/portraits/women/26.jpg,female,29
bde0e1cc-66db-42ed-9392-1047ab4f412f,Bradley,Murphy,bradley.murphy@example.com,041-229-2786,Fermoy,Ireland,https://randomuser.me/api/portraits/men/15.jpg,male,33
4a180eb9-c236-4b3c-9373-a20fc2a07825,Sedef,Eronat,sedef.eronat@example.com,(691)-451-9580,Gaziantep,Turkey,https://randomuser.me/api/portraits/women/94.jpg,female,33
c68475e7-efed-42fa-83b1-e1698199e2e7,Dorogobug,Melnik,dorogobug.melnik@example.com,(097) N26-9492,Avdiyivka,Ukraine,https://randomuser.me/api/portraits/men/34.jpg,male,42
b24569af-2407-45a5-8dba-37f7cc017e8b,Elliot,Bouchard,elliot.bouchard@example.com,G28 B19-4576,Carleton,Canada,https://randomuser.me/api/portraits/men/18.jpg,male,59
2d4d6d81-e924-4a41-817d-ecae733fe52c,Zlata,Čabarkapa,zlata.cabarkapa@example.com,039-3341-988,Pećinci,Serbia,https://randomuser.me/api/portraits/women/92.jpg,female,56
a11a5b17-3309-435e-9f4d-53ebd510adda,Renee,Ellis,renee.ellis@example.com,(618) 368-0303,Santa Clarita,United States,https://randomuser.me/api/portraits/women/38.jpg,female,54
1c67dc9b-e6b3-4b03-b277-a1ffbb70bccc,Ontin,Milyan,ontin.milyan@example.com,(097) V78-2860,Sudak,Ukraine,https://randomuser.me/api/portraits/men/71.jpg,male,46
a71ba8d7-1a71-4d09-a034-0bfa0fc7677e,Maanas,Andrade,maanas.andrade@example.com,7357319807,Tiruppur,India,https://randomuser.me/api/portraits/men/5.jpg,male,79
9eb42cf0-9cb7-48f4-805d-6acdd8267735,August,Sørensen,august.sorensen@example.com,38950730,Stenderup,Denmark,https://randomuser.me/api/portraits/men/53.jpg,male,70
f3711ab1-7655-41be-a14f-9ce99d92643e,Viljami,Halko,viljami.halko@example.com,05-147-666,Pieksämäki,Finland,https://randomuser.me/api/portraits/men/14.jpg,male,34
c954f984-dda7-4f4e-be8e-679c95a99a7b,Sudislav,Sharko,sudislav.sharko@example.com,(097) C98-2161,Mostiska,Ukraine,https://randomuser.me/api/portraits/men/50.jpg,male,37
371bc4d0-fbf2-4782-b9d0-10e7a1c0e4e1,تینا,صدر,tyn.sdr@example.com,085-44828841,اراک,Iran,https://randomuser.me/api/portraits/women/46.jpg,female,48
8c704737-7616-4b7c-a01a-d5a84af6f470,Tine,Bergtun,tine.bergtun@example.com,63617794,Søvik,Norway,https://randomuser.me/api/portraits/women/5.jpg,female,35
ab272141-8852-42a1-a7bb-a02549b63333,Sowmya,Naik,sowmya.naik@example.com,8787817332,Siwan,India,https://randomuser.me/api/portraits/women/1.jpg,female,34
3f78ba4a-299a-469f-a077-f50e6697a270,Bete,Nunes,bete.nunes@example.com,(37) 7540-6953,Itabira,Brazil,https://randomuser.me/api/portraits/women/66.jpg,female,80
c0c427df-b86e-4b02-83b1-9fe699b2157d,Phoebe,Richardson,phoebe.richardson@example.com,016977 76230,Sunderland,United Kingdom,https://randomuser.me/api/portraits/women/79.jpg,female,71
81d9838a-4eef-48c3-9c3f-8818d2db928a,Zakiya,Zirkzee,zakiya.zirkzee@example.com,(0352) 528586,Goudswaard,Netherlands,https://randomuser.me/api/portraits/women/23.jpg,female,40
09fa7c45-0a5a-41ab-b68f-6f555e97df78,Vicente,Sánchez,vicente.sanchez@example.com,935-323-584,Lorca,Spain,https://randomuser.me/api/portraits/men/73.jpg,male,47
078e60dc-e72c-46bb-b0bb-c7d401db2795,Stefan,Skårdal,stefan.skardal@example.com,50713843,Volda,Norway,https://randomuser.me/api/portraits/men/21.jpg,male,68
d1776a1e-cddf-4334-965f-dbf119899802,Hudson,Clarke,hudson.clarke@example.com,(676)-674-3006,Upper Hutt,New Zealand,https://randomuser.me/api/portraits/men/0.jpg,male,41
2c2e456d-566f-4bf6-872f-de104a1b686f,Nieves,Bravo,nieves.bravo@example.com,911-174-442,Las Palmas de Gran Canaria,Spain,https://randomuser.me/api/portraits/women/18.jpg,female,60
756f6f9c-3bca-41c3-b7f7-36f27525d746,Oscar,Little,oscar.little@example.com,061-225-6337,Athlone,Ireland,https://randomuser.me/api/portraits/men/33.jpg,male,45
d39c0615-c099-4906-aa1b-a03917f7f609,Emmie,Chevalier,emmie.chevalier@example.com,05-89-54-49-72,Metz,France,https://randomuser.me/api/portraits/women/3.jpg,female,72
6d9695a7-cc80-4482-a9db-adbe4d910154,Benjamin,Turner,benjamin.turner@example.com,(242)-585-8393,Lower Hutt,New Zealand,https://randomuser.me/api/portraits/men/28.jpg,male,56
8b8591f4-4f5f-49c1-b59e-c249a010148c,Angela,Sutton,angela.sutton@example.com,041-440-2032,Malahide,Ireland,https://randomuser.me/api/portraits/women/3.jpg,female,67
fd0c564a-15d5-4b8b-b0ce-35063b3352f1,Domenica,Boyer,domenica.boyer@example.com,078 287 03 22,Bremblens,Switzerland,https://randomuser.me/api/portraits/women/66.jpg,female,44
cf81f9b1-da1a-4965-b486-df80c60bfcf0,Bertram,Mortensen,bertram.mortensen@example.com,46908605,Frederiksberg,Denmark,https://randomuser.me/api/portraits/men/99.jpg,male,69
7d2a250f-1b77-4ac1-8966-9b18adf0d427,Sonia,Alexander,sonia.alexander@example.com,(377) 264-4005,Seymour,United States,https://randomuser.me/api/portraits/women/75.jpg,female,32
c99a68ae-a151-4e53-a5de-aea9b19110ec,Alisa,Lampi,alisa.lampi@example.com,09-708-024,Sottunga,Finland,https://randomuser.me/api/portraits/women/45.jpg,female,71
7f03cd8b-1fd3-41a2-9da4-47ba9d56b8ad,Susana,Rodríguez,susana.rodriguez@example.com,946-457-205,San Sebastián de Los Reyes,Spain,https://randomuser.me/api/portraits/women/74.jpg,female,73
5a985d5d-72f3-419e-bc87-7d3dd7270be0,Alina,Berezenko,alina.berezenko@example.com,(067) Y55-3788,Radiviliv,Ukraine,https://randomuser.me/api/portraits/women/87.jpg,female,72
85bfe09b-86df-46fa-b9d6-62bc2dc7095a,Elvira,Hernandez,elvira.hernandez@example.com,(028) 5145784,Terschuur,Netherlands,https://randomuser.me/api/portraits/women/87.jpg,female,39
bf765bc8-8504-4b89-992b-60dbb9ebb3f8,Esteban,Roy,esteban.roy@example.com,077 940 53 36,Densbüren,Switzerland,https://randomuser.me/api/portraits/men/27.jpg,male,42
32fde05b-ebd1-4b55-b81a-c778b6fe41c5,Navami,Kumari,navami.kumari@example.com,8740884731,Nellore,India,https://randomuser.me/api/portraits/women/28.jpg,female,57
b0c410e1-b496-406c-9a9e-62ba7a5eb0ca,Malin,Sævareid,malin.saevareid@example.com,60346100,Revetal,Norway,https://randomuser.me/api/portraits/women/94.jpg,female,42
b860af85-3b77-46db-bb62-22167c8bd76a,Séverine,Perez,severine.perez@example.com,075 535 83 10,Vuarrens,Switzerland,https://randomuser.me/api/portraits/women/19.jpg,female,73
34e2d287-51dc-4e4c-8234-21dedced422c,Donna,Welch,donna.welch@example.com,051-133-6784,Midleton,Ireland,https://randomuser.me/api/portraits/women/81.jpg,female,43
846ac9ca-ac99-4eeb-8b14-5f19d70b61ca,Topias,Neva,topias.neva@example.com,09-829-958,Karkkila,Finland,https://randomuser.me/api/portraits/men/46.jpg,male,51
3a133972-4e85-4bc8-9e7a-ea700efc40df,Antoniya,Guk,antoniya.guk@example.com,(068) W04-9709,Seredina-Buda,Ukraine,https://randomuser.me/api/portraits/women/13.jpg,female,62
35040fb6-c4dc-4b76-9955-ff82c0739532,Seline,Horgen,seline.horgen@example.com,81218030,Mysen,Norway,https://randomuser.me/api/portraits/women/12.jpg,female,54
2a305531-00ef-46f8-bcd0-d81a1ca2e740,Önal,Alnıaçık,onal.alniacik@example.com,(330)-031-6013,Erzurum,Turkey,https://randomuser.me/api/portraits/men/33.jpg,male,32
51126fab-b0ab-415d-8942-ab53a8ff0b36,Herbert,Thomas,herbert.thomas@example.com,015394 36274,Lichfield,United Kingdom,https://randomuser.me/api/portraits/men/5.jpg,male,80
519c8724-d100-4fb4-bd27-d30e9f69393c,Anna,Nielsen,anna.nielsen@example.com,89172724,Ugerløse,Denmark,https://randomuser.me/api/portraits/women/17.jpg,female,45
9cd0c2e7-0b41-4642-9f05-cbb6641fda17,Calvin,Willis,calvin.willis@example.com,0101 548 6228,Stirling,United Kingdom,https://randomuser.me/api/portraits/men/38.jpg,male,25
d80a8218-99bc-469a-b695-358c7401a8ad,Afşar,Adan,afsar.adan@example.com,(845)-696-0541,Karaman,Turkey,https://randomuser.me/api/portraits/women/72.jpg,female,71
79263f36-b4dc-4504-bdb1-dab94d06a8e3,Aiden,Fitzpatrick,aiden.fitzpatrick@example.com,071-058-8847,Ennis,Ireland,https://randomuser.me/api/portraits/men/4.jpg,male,30
50b26e65-c927-4c69-a9ad-9c4719bcdd85,Jadranka,Vujičić,jadranka.vujicic@example.com,014-9381-789,Kovin,Serbia,https://randomuser.me/api/portraits/women/3.jpg,female,67
f0b93ee6-5bc0-4aba-ac76-00ab5043ea27,Mason,Watson,mason.watson@example.com,(398) 706-4671,Long Beach,United States,https://randomuser.me/api/portraits/men/90.jpg,male,24
cb114cd7-972b-4fd1-a1cf-af05c3221b67,Yuvraj,Anand,yuvraj.anand@example.com,9152818490,Sikar,India,https://randomuser.me/api/portraits/men/4.jpg,male,80
0b1d6fd8-a86e-41fa-8074-c8cda07db36f,Matteo,Fiske,matteo.fiske@example.com,68087648,Nykirke,Norway,https://randomuser.me/api/portraits/men/56.jpg,male,69
6a7cb8ae-5c44-49a5-8bfd-8a96fe1d841e,Matthew,Snyder,matthew.snyder@example.com,017684 33810,Oxford,United Kingdom,https://randomuser.me/api/portraits/men/32.jpg,male,52
5217d474-a76d-4fa5-a9d8-85250fef977f,Okan,Tokgöz,okan.tokgoz@example.com,(673)-105-2855,Hatay,Turkey,https://randomuser.me/api/portraits/men/44.jpg,male,50
56da8020-cb6d-4388-8c72-c69f63308be0,Mary,Curtis,mary.curtis@example.com,061-433-4955,Carrigtwohill,Ireland,https://randomuser.me/api/portraits/women/3.jpg,female,77
f2b1d784-3748-4d9d-af59-5feffe42c891,محمد,صدر,mhmd.sdr@example.com,050-02145687,نیشابور,Iran,https://randomuser.me/api/portraits/men/13.jpg,male,31
9879a7bf-e5a6-4f7f-8ac3-2086603053cf,Mads,Jørgensen,mads.jorgensen@example.com,94140974,Askeby,Denmark,https://randomuser.me/api/portraits/men/78.jpg,male,55
6ee246bc-4d2b-4318-b181-91fc3d7e1143,Gustavo,Soler,gustavo.soler@example.com,976-524-904,Castellón de la Plana,Spain,https://randomuser.me/api/portraits/men/12.jpg,male,52
aba4294d-b164-433b-85b8-e97d81d9ae72,Vedat,Akal,vedat.akal@example.com,(949)-001-5222,Amasya,Turkey,https://randomuser.me/api/portraits/men/41.jpg,male,53
282e937c-2c55-42ea-abbe-b3ef7ae1eb18,Alma,Solvoll,alma.solvoll@example.com,58880109,Muruvik,Norway,https://randomuser.me/api/portraits/women/64.jpg,female,56
bd3fa663-80f9-4d0e-86ed-5c70f35c2e56,Nicholas,Rystad,nicholas.rystad@example.com,51043077,Kirkenær,Norway,https://randomuser.me/api/portraits/men/0.jpg,male,57
dfc3bb09-6711-4850-9eb1-10836a62e29e,Everett,Perez,everett.perez@example.com,015396 30004,Armagh,United Kingdom,https://randomuser.me/api/portraits/men/6.jpg,male,74
f07c7c4d-6c7f-45b4-a5b5-0a3247fb1d03,Benito,Van Riessen,benito.vanriessen@example.com,(054) 5862938,Kerk Avezaath Tiel,Netherlands,https://randomuser.me/api/portraits/men/75.jpg,male,68
a714ec48-114e-4ecd-85bc-a01184d13b42,Eugénio,da Costa,eugenio.dacosta@example.com,(35) 9943-1597,Londrina,Brazil,https://randomuser.me/api/portraits/men/97.jpg,male,53
23c6969b-3184-4bb6-bae9-31a5c6c43fc0,Massimo,Muller,massimo.muller@example.com,078 236 61 39,Vechigen,Switzerland,https://randomuser.me/api/portraits/men/57.jpg,male,46
e7cbb3f8-476c-44aa-8d52-3e4f885bdd2e,Adam,Lopez,adam.lopez@example.com,016977 14977,Hereford,United Kingdom,https://randomuser.me/api/portraits/men/88.jpg,male,37
2739b844-917c-4deb-92d5-3dec6ee8b5e4,Danilo,Dokić,danilo.dokic@example.com,037-6112-332,Kragujevac,Serbia,https://randomuser.me/api/portraits/men/54.jpg,male,55
169be7f3-765a-4bd7-9336-2d89894489e7,Eren,Sadıklar,eren.sadiklar@example.com,(386)-980-7825,Ordu,Turkey,https://randomuser.me/api/portraits/men/47.jpg,male,72
69de7234-fc86-43f9-9864-f8403a6db746,Gulyayviter,Bezpalenko,gulyayviter.bezpalenko@example.com,(068) G64-2120,Kosiv,Ukraine,https://randomuser.me/api/portraits/men/77.jpg,male,75
60965b34-1d27-46dc-aa15-0e8298b77f55,Hazel,Chen,hazel.chen@example.com,(926)-250-5506,Whanganui,New Zealand,https://randomuser.me/api/portraits/women/95.jpg,female,28
c1682535-8070-4226-846c-60ed7b513f0b,Valentin,Kuhn,valentin.kuhn@example.com,0138-8922309,Zell (Mosel),Germany,https://randomuser.me/api/portraits/men/71.jpg,male,58
e752907c-de54-4ea0-9ce9-d091ba319ccb,النا,نكو نظر,ln.nkwnzr@example.com,098-83104043,بوشهر,Iran,https://randomuser.me/api/portraits/women/86.jpg,female,41
caa57fa0-f806-46b2-81f5-8166ccdbdc02,Joel,Moore,joel.moore@example.com,(458) 679-9475,Miami,United States,https://randomuser.me/api/portraits/men/90.jpg,male,67
cbcb7e39-4058-4e24-b406-3293660869c5,Maurice,Wells,maurice.wells@example.com,016977 6874,Derby,United Kingdom,https://randomuser.me/api/portraits/men/26.jpg,male,61
f9121bde-bf38-45df-be88-94f8b46ac3c1,Ryder,Chu,ryder.chu@example.com,E17 A91-3540,Aylmer,Canada,https://randomuser.me/api/portraits/men/62.jpg,male,75
2439d1ce-a5d9-4355-bbd7-672b48381446,Afet,Velioğlu,afet.velioglu@example.com,(566)-292-6944,Adana,Turkey,https://randomuser.me/api/portraits/women/80.jpg,female,30
53e9eba4-d9ea-409c-a854-093897fd4ff8,Guy,Mccoy,guy.mccoy@example.com,016973 54932,Durham,United Kingdom,https://randomuser.me/api/portraits/men/55.jpg,male,38
d0366fa0-6ef9-4139-947c-8bf3a589701f,Eren,Akyürek,eren.akyurek@example.com,(695)-838-8268,Kırklareli,Turkey,https://randomuser.me/api/portraits/men/45.jpg,male,28
5225d07f-b0f7-4a56-afab-bbd58826834e,آیناز,احمدی,aynz.hmdy@example.com,094-75307549,بیرجند,Iran,https://randomuser.me/api/portraits/women/0.jpg,female,35
1f08108b-c7e1-4f24-ae06-16a8ca75cffd,Maxime,Clark,maxime.clark@example.com,D96 W77-2342,Shelbourne,Canada,https://randomuser.me/api/portraits/men/55.jpg,male,74
193d4ccf-5c85-49c3-b048-de5450062a11,Fatih,Okumuş,fatih.okumus@example.com,(057)-751-7399,Zonguldak,Turkey,https://randomuser.me/api/portraits/men/90.jpg,male,45
f384f98d-2626-4e1d-97c8-5d5d314e4824,Nazario,Candelaria,nazario.candelaria@example.com,(621) 799 7823,Tala,Mexico,https://randomuser.me/api/portraits/men/53.jpg,male,61
0b0e2482-5a8c-4712-83ba-2a4f820f82c8,Oliver,Wang,oliver.wang@example.com,(268)-938-9455,Whanganui,New Zealand,https://randomuser.me/api/portraits/men/88.jpg,male,24
ea397973-48bb-4c45-b4c7-e303029ecc71,Geoffrey,Mom,geoffrey.mom@example.com,(087) 7485890,Casteren,Netherlands,https://randomuser.me/api/portraits/men/7.jpg,male,33
51e1724d-ddcd-4782-a90f-904b9182756d,Maja,Pedersen,maja.pedersen@example.com,00522368,Aaborg Øst,Denmark,https://randomuser.me/api/portraits/women/11.jpg,female,57
e4d65b1c-5425-4b94-9dc2-051623a83a87,Ignacio,Bravo,ignacio.bravo@example.com,900-966-837,Cuenca,Spain,https://randomuser.me/api/portraits/men/41.jpg,male,32
b13052ba-282c-40f0-9bf4-e2933896c8c3,Ostoja,Stojaković,ostoja.stojakovic@example.com,039-7802-283,Štrpce,Serbia,https://randomuser.me/api/portraits/men/69.jpg,male,66
274d1991-81e7-4b52-bd9e-64622cac2ef2,Veljko,Bjelica,veljko.bjelica@example.com,025-0222-160,Kosovo Polje,Serbia,https://randomuser.me/api/portraits/men/79.jpg,male,56
c37455ee-cf6d-40d9-a32f-185d90803937,Ceyhun,Süleymanoğlu,ceyhun.suleymanoglu@example.com,(537)-577-8103,Adana,Turkey,https://randomuser.me/api/portraits/men/96.jpg,male,80
e698f46f-a90c-463e-bed2-4c680aab0f01,Átila,Nogueira,atila.nogueira@example.com,(58) 3406-5570,Colombo,Brazil,https://randomuser.me/api/portraits/men/22.jpg,male,28
23197d93-4d71-4095-b344-cbcbdc47fce3,Emma,Pedersen,emma.pedersen@example.com,29543328,Sommersted,Denmark,https://randomuser.me/api/portraits/women/66.jpg,female,44
a5d2728b-d5b6-4b6e-8361-921ece671cdc,Vânia,da Costa,vania.dacosta@example.com,(51) 9972-0643,São José dos Pinhais,Brazil,https://randomuser.me/api/portraits/women/28.jpg,female,73
202f9c5c-cea5-4a8c-b021-63de6b2f7eb7,Tomas,Höfling,tomas.hofling@example.com,0607-5567459,Elsterwerda,Germany,https://randomuser.me/api/portraits/men/3.jpg,male,33
274e4512-3253-4128-8d40-55efd38d8773,Matthieu,Martinez,matthieu.martinez@example.com,04-88-57-33-22,Poitiers,France,https://randomuser.me/api/portraits/men/42.jpg,male,35
